{"current":{"logo":"shopify:\/\/shop_images\/poweredbyaliens-logo-white-2.svg","logo_width":300,"type_header_font":"din_neuzeit_grotesk_n3","heading_scale":100,"type_body_font":"source_code_pro_n3","body_scale":100,"page_width":1000,"spacing_sections":0,"spacing_grid_horizontal":16,"spacing_grid_vertical":16,"animations_reveal_on_scroll":true,"animations_hover_elements":"default","buttons_border_thickness":1,"buttons_border_opacity":100,"buttons_radius":0,"buttons_shadow_opacity":0,"buttons_shadow_horizontal_offset":0,"buttons_shadow_vertical_offset":4,"buttons_shadow_blur":5,"variant_pills_border_thickness":1,"variant_pills_border_opacity":100,"variant_pills_radius":0,"variant_pills_shadow_opacity":0,"variant_pills_shadow_horizontal_offset":0,"variant_pills_shadow_vertical_offset":4,"variant_pills_shadow_blur":5,"inputs_border_thickness":1,"inputs_border_opacity":100,"inputs_radius":0,"inputs_shadow_opacity":0,"inputs_shadow_horizontal_offset":0,"inputs_shadow_vertical_offset":4,"inputs_shadow_blur":5,"card_style":"standard","card_image_padding":0,"card_text_alignment":"left","card_color_scheme":"background-1","card_border_thickness":0,"card_border_opacity":10,"card_corner_radius":0,"card_shadow_opacity":0,"card_shadow_horizontal_offset":0,"card_shadow_vertical_offset":4,"card_shadow_blur":5,"collection_card_style":"standard","collection_card_image_padding":0,"collection_card_text_alignment":"left","collection_card_color_scheme":"scheme-c2aeb73e-528f-431b-87c4-042842737ba3","collection_card_border_thickness":0,"collection_card_border_opacity":10,"collection_card_corner_radius":0,"collection_card_shadow_opacity":0,"collection_card_shadow_horizontal_offset":0,"collection_card_shadow_vertical_offset":4,"collection_card_shadow_blur":5,"blog_card_style":"standard","blog_card_image_padding":0,"blog_card_text_alignment":"left","blog_card_color_scheme":"accent-2","blog_card_border_thickness":0,"blog_card_border_opacity":10,"blog_card_corner_radius":0,"blog_card_shadow_opacity":0,"blog_card_shadow_horizontal_offset":0,"blog_card_shadow_vertical_offset":4,"blog_card_shadow_blur":5,"text_boxes_border_thickness":0,"text_boxes_border_opacity":10,"text_boxes_radius":0,"text_boxes_shadow_opacity":0,"text_boxes_shadow_horizontal_offset":0,"text_boxes_shadow_vertical_offset":4,"text_boxes_shadow_blur":5,"media_border_thickness":0,"media_border_opacity":10,"media_radius":0,"media_shadow_opacity":0,"media_shadow_horizontal_offset":0,"media_shadow_vertical_offset":4,"media_shadow_blur":5,"popup_border_thickness":1,"popup_border_opacity":10,"popup_corner_radius":16,"popup_shadow_opacity":0,"popup_shadow_horizontal_offset":0,"popup_shadow_vertical_offset":4,"popup_shadow_blur":5,"drawer_border_thickness":1,"drawer_border_opacity":10,"drawer_shadow_opacity":0,"drawer_shadow_horizontal_offset":0,"drawer_shadow_vertical_offset":4,"drawer_shadow_blur":5,"badge_position":"bottom left","badge_corner_radius":16,"sale_badge_color_scheme":"background-1","sold_out_badge_color_scheme":"background-1","brand_headline":"","brand_description":"<p><\/p>","brand_image_width":100,"social_facebook_link":"","social_instagram_link":"","social_youtube_link":"","social_tiktok_link":"","social_twitter_link":"","social_snapchat_link":"","social_pinterest_link":"","social_tumblr_link":"","social_vimeo_link":"","predictive_search_enabled":true,"predictive_search_show_vendor":false,"predictive_search_show_price":false,"currency_code_enabled":true,"cart_type":"notification","show_vendor":false,"show_cart_note":false,"cart_drawer_collection":"frontpage","checkout_accent_color":"#000000","checkout_button_color":"#000000","sections":{"main-password-header":{"type":"main-password-header","settings":{"color_scheme":"background-1"}},"main-password-footer":{"type":"main-password-footer","settings":{"color_scheme":"background-1"}}},"content_for_index":[],"color_schemes":{"background-1":{"settings":{"background":"#000000","background_gradient":"","text":"#ffffff","button":"#000000","button_label":"#fffce7","secondary_button_label":"#ffffff","shadow":"#ffffff"}},"background-2":{"settings":{"background":"#fffce7","background_gradient":"","text":"#000000","button":"#000000","button_label":"#fffce7","secondary_button_label":"#000000","shadow":"#000000"}},"inverse":{"settings":{"background":"#0000ff","background_gradient":"","text":"#ffffff","button":"#ffffff","button_label":"#0000ff","secondary_button_label":"#ffffff","shadow":"#0000ff"}},"accent-1":{"settings":{"background":"#e7ecff","background_gradient":"","text":"#0000ff","button":"#0000ff","button_label":"#e7ecff","secondary_button_label":"#0000ff","shadow":"#0000ff"}},"accent-2":{"settings":{"background":"#ffe6e6","background_gradient":"","text":"#0000ff","button":"#0000ff","button_label":"#ffe6e6","secondary_button_label":"#0000ff","shadow":"#0000ff"}},"scheme-3bef61e0-641a-4fb6-880c-6446aa07f96b":{"settings":{"background":"{{ shop.brand.colors.primary[0].background }}","background_gradient":"linear-gradient(358deg, rgba(84, 154, 50, 0), rgba(65, 60, 154, 0) 9.353%, rgba(71, 154, 55, 0) 16.187%, rgba(19, 144, 12, 0.52) 100%)","text":"#000000","button":"#000000","button_label":"#000000","secondary_button_label":"#000000","shadow":"#000000"}},"scheme-237f0f34-c7e7-411e-bdba-bacb820f64c2":{"settings":{"background":"#000000","background_gradient":"","text":"#ffffff","button":"#ffffff","button_label":"#000000","secondary_button_label":"#ffffff","shadow":"#000000"}},"scheme-c2aeb73e-528f-431b-87c4-042842737ba3":{"settings":{"background":"rgba(0,0,0,0)","background_gradient":"","text":"#000000","button":"#ffe6e6","button_label":"#000000","secondary_button_label":"#e10000","shadow":"#000000"}}}},"presets":{"Default":{"logo_width":80,"color_schemes":{"background-1":{"settings":{"background":"#ffffff","background_gradient":"","text":"#0000ff","button":"#e7ecff","button_label":"#0000ff","secondary_button_label":"#e10000","shadow":"#0000ff"}},"background-2":{"settings":{"background":"#fffce7","background_gradient":"","text":"#0000ff","button":"#0000ff","button_label":"#fffce7","secondary_button_label":"#0000ff","shadow":"#0000ff"}},"inverse":{"settings":{"background":"#0000ff","background_gradient":"","text":"#ffffff","button":"#ffffff","button_label":"#0000ff","secondary_button_label":"#ffffff","shadow":"#0000ff"}},"accent-1":{"settings":{"background":"#e7ecff","background_gradient":"","text":"#0000ff","button":"#0000ff","button_label":"#e7ecff","secondary_button_label":"#0000ff","shadow":"#0000ff"}},"accent-2":{"settings":{"background":"#ffe6e6","background_gradient":"","text":"#0000ff","button":"#0000ff","button_label":"#ffe6e6","secondary_button_label":"#0000ff","shadow":"#0000ff"}}},"type_header_font":"futura_n5","heading_scale":130,"type_body_font":"futura_n5","body_scale":130,"page_width":1000,"spacing_sections":0,"spacing_grid_horizontal":16,"spacing_grid_vertical":16,"animations_reveal_on_scroll":true,"animations_hover_elements":"none","buttons_border_thickness":1,"buttons_border_opacity":100,"buttons_radius":0,"buttons_shadow_opacity":0,"buttons_shadow_horizontal_offset":0,"buttons_shadow_vertical_offset":4,"buttons_shadow_blur":5,"variant_pills_border_thickness":1,"variant_pills_border_opacity":100,"variant_pills_radius":0,"variant_pills_shadow_opacity":0,"variant_pills_shadow_horizontal_offset":0,"variant_pills_shadow_vertical_offset":4,"variant_pills_shadow_blur":5,"inputs_border_thickness":1,"inputs_border_opacity":100,"inputs_radius":0,"inputs_shadow_opacity":0,"inputs_shadow_horizontal_offset":0,"inputs_shadow_vertical_offset":4,"inputs_shadow_blur":5,"card_style":"standard","card_image_padding":0,"card_text_alignment":"left","card_color_scheme":"accent-2","card_border_thickness":0,"card_border_opacity":10,"card_corner_radius":0,"card_shadow_opacity":0,"card_shadow_horizontal_offset":0,"card_shadow_vertical_offset":4,"card_shadow_blur":5,"collection_card_style":"standard","collection_card_image_padding":0,"collection_card_text_alignment":"left","collection_card_color_scheme":"accent-2","collection_card_border_thickness":0,"collection_card_border_opacity":10,"collection_card_corner_radius":0,"collection_card_shadow_opacity":0,"collection_card_shadow_horizontal_offset":0,"collection_card_shadow_vertical_offset":4,"collection_card_shadow_blur":5,"blog_card_style":"standard","blog_card_image_padding":0,"blog_card_text_alignment":"left","blog_card_color_scheme":"accent-2","blog_card_border_thickness":0,"blog_card_border_opacity":10,"blog_card_corner_radius":0,"blog_card_shadow_opacity":0,"blog_card_shadow_horizontal_offset":0,"blog_card_shadow_vertical_offset":4,"blog_card_shadow_blur":5,"text_boxes_border_thickness":0,"text_boxes_border_opacity":10,"text_boxes_radius":0,"text_boxes_shadow_opacity":0,"text_boxes_shadow_horizontal_offset":0,"text_boxes_shadow_vertical_offset":4,"text_boxes_shadow_blur":5,"media_border_thickness":0,"media_border_opacity":10,"media_radius":0,"media_shadow_opacity":0,"media_shadow_horizontal_offset":0,"media_shadow_vertical_offset":4,"media_shadow_blur":5,"popup_border_thickness":1,"popup_border_opacity":10,"popup_corner_radius":16,"popup_shadow_opacity":0,"popup_shadow_horizontal_offset":0,"popup_shadow_vertical_offset":4,"popup_shadow_blur":5,"drawer_border_thickness":1,"drawer_border_opacity":10,"drawer_shadow_opacity":0,"drawer_shadow_horizontal_offset":0,"drawer_shadow_vertical_offset":4,"drawer_shadow_blur":5,"badge_position":"bottom left","badge_corner_radius":16,"sale_badge_color_scheme":"accent-2","sold_out_badge_color_scheme":"inverse","brand_headline":"","brand_description":"<p><\/p>","brand_image_width":100,"social_twitter_link":"","social_facebook_link":"","social_pinterest_link":"","social_instagram_link":"","social_tiktok_link":"","social_tumblr_link":"","social_snapchat_link":"","social_youtube_link":"","social_vimeo_link":"","predictive_search_enabled":true,"predictive_search_show_vendor":false,"predictive_search_show_price":false,"currency_code_enabled":true,"cart_type":"notification","show_vendor":false,"show_cart_note":false,"cart_drawer_collection":"","sections":{"main-password-header":{"type":"main-password-header","settings":{"color_scheme":"background-1"}},"main-password-footer":{"type":"main-password-footer","settings":{"color_scheme":"background-1"}}}}},"platform_customizations":{"custom_css":["header.header {max-width: 90%; width: 100%; z-index: 1000; backdrop-filter: blur(10px); -webkit-backdrop-filter: blur(10px); color: black !important; opacity: 0.7;}"]}}