{"sections":{"image_banner_wMGPH6":{"type":"image-banner","blocks":{"heading_PVfhaR":{"type":"heading","settings":{"heading":"HEAVENLY BODIES ISSUE N°3","heading_size":"h1"}},"text_QeG7Am":{"type":"text","settings":{"text":"Step into 2025 with the radiance of twelve ethereal muses, each embodying grace, love, and light 🤍. This year, we are delighted to unveil three exquisite covers: <strong>No. 1 – Iris<\/strong>, <strong>No. 2 – Vlada<\/strong>, <strong>No. 3 – Yue.<\/strong>","text_style":"body"}},"buttons_EY4myj":{"type":"buttons","settings":{"button_label_1":"SHOP CALENDAR","button_link_1":"shopify:\/\/products\/heavenly-bodies-calendar","button_style_secondary_1":false,"button_label_2":"","button_link_2":"","button_style_secondary_2":false}}},"block_order":["heading_PVfhaR","text_QeG7Am","buttons_EY4myj"],"disabled":true,"custom_css":[],"settings":{"image":"shopify:\/\/shop_images\/Forwebsite-Cover-N_2-Vlada.png","image_overlay_opacity":0,"image_height":"medium","desktop_content_position":"bottom-center","show_text_box":true,"desktop_content_alignment":"center","color_scheme":"","image_behavior":"none","mobile_content_alignment":"center","stack_images_on_mobile":true,"show_text_below":true}},"multicolumn-1":{"type":"multicolumn","blocks":{"column":{"type":"column","settings":{"title":"","text":"","link_label":"","link":""}},"column-2":{"type":"column","settings":{"title":"","text":"","link_label":"","link":""}},"column-3":{"type":"column","settings":{"title":"","text":"","link_label":"","link":""}}},"block_order":["column","column-2","column-3"],"disabled":true,"settings":{"title":"","heading_size":"h1","image_width":"full","image_ratio":"adapt","columns_desktop":4,"column_alignment":"left","background_style":"none","button_label":"","button_link":"","color_scheme":"background-1","columns_mobile":"1","swipe_on_mobile":false,"padding_top":64,"padding_bottom":0}},"0be27767-bfe3-4dcb-b412-f5217d556da7":{"type":"featured-collection","custom_css":[],"settings":{"title":"","heading_size":"h0","description":"","show_description":false,"description_style":"subtitle","collection":"frontpage","products_to_show":25,"columns_desktop":3,"full_width":false,"show_view_all":true,"view_all_style":"solid","enable_desktop_slider":false,"color_scheme":"background-1","image_ratio":"portrait","image_shape":"default","show_secondary_image":false,"show_vendor":true,"show_rating":false,"enable_quick_add":false,"columns_mobile":"2","swipe_on_mobile":false,"padding_top":100,"padding_bottom":36}}},"order":["image_banner_wMGPH6","multicolumn-1","0be27767-bfe3-4dcb-b412-f5217d556da7"]}