{"sections":{"main":{"type":"main-page","disabled":true,"settings":{"padding_top":52,"padding_bottom":32}},"slideshow":{"type":"slideshow","settings":{"layout":"full_bleed","slide_height":"adapt_image","slider_visual":"counter","auto_rotate":false,"change_slides_speed":5,"image_behavior":"none","show_text_below":false,"accessibility_info":""}},"multicolumn-1":{"type":"multicolumn","settings":{"title":"","heading_size":"h1","image_width":"full","image_ratio":"adapt","columns_desktop":3,"column_alignment":"left","background_style":"none","button_label":"","button_link":"","color_scheme":"scheme-237f0f34-c7e7-411e-bdba-bacb820f64c2","columns_mobile":"1","swipe_on_mobile":false,"padding_top":36,"padding_bottom":0}},"multicolumn-3":{"type":"multicolumn","blocks":{"column-2":{"type":"column","settings":{"title":"","text":"<p>Le lorem ipsum est, en imprimerie, une suite de mots sans signification utilisée à titre provisoire pour calibrer une mise en page, le texte définitif venant remplacer le faux-texte dès qu'il est prêt ou que la mise en page est achevée. Généralement, on utilise un texte en faux latin, le Lorem ipsum ou Lipsum.<\/p>","link_label":"","link":""}}},"block_order":["column-2"],"settings":{"title":"","heading_size":"h1","image_width":"half","image_ratio":"adapt","columns_desktop":2,"column_alignment":"left","background_style":"none","button_label":"","button_link":"","color_scheme":"scheme-237f0f34-c7e7-411e-bdba-bacb820f64c2","columns_mobile":"1","swipe_on_mobile":false,"padding_top":36,"padding_bottom":0}},"multicolumn-4":{"type":"multicolumn","settings":{"title":"","heading_size":"h1","image_width":"half","image_ratio":"adapt","columns_desktop":3,"column_alignment":"left","background_style":"none","button_label":"","button_link":"","color_scheme":"scheme-237f0f34-c7e7-411e-bdba-bacb820f64c2","columns_mobile":"1","swipe_on_mobile":false,"padding_top":36,"padding_bottom":24}}},"order":["main","slideshow","multicolumn-1","multicolumn-3","multicolumn-4"]}