{"sections":{"main":{"type":"main-page","settings":{"padding_top":28,"padding_bottom":28}},"7a09c4e7-019c-41fc-8c1d-da1df187e8ef":{"type":"multicolumn","blocks":{"template--19913387606292__7a09c4e7-019c-41fc-8c1d-da1df187e8ef-168972857408efc2fd-0":{"type":"column","settings":{"title":"Shipping","text":"<ul><li>US\/UK\/AU: 12-20 business days<\/li><li>Worldwide: 15-25 business days<\/li><\/ul><p>Most orders are dispatched within 1 business day. In peak periods, please allow up to 3 business days for dispatch.<\/p><p>Thank you for trusting us with your business! Please don't hesitate to <a href=\"\/pages\/contact\" title=\"Contact\">CONTACT <\/a>our support team for help with your order.<br\/><br\/><em>*All shipping times exclude clearance\/customs delays. We are not responsible for any additional customs\/duty fees that may apply for international orders.<\/em><\/p>","link_label":"","link":""}},"template--19913387606292__7a09c4e7-019c-41fc-8c1d-da1df187e8ef-168972857408efc2fd-1":{"type":"column","settings":{"title":"Returns & Exchanges","text":"<p>All products come with our <strong>Happy AF Guarantee.<\/strong> That means you can exchange anything you're not 100% loving and wearing all the time.<\/p><p>You can exchange any items within 15 days.<\/p><p>To begin, click the button below, find your order, and follow the steps to return the item to us, we do not offer return labels. Once we approve your return, we’ll issue you a new order or gift card to the value of your order.<\/p><p>Please make sure your exchange items are unworn and unwashed. If you are returning products due to the size being too large, note that our shirts are 100% cotton and will shrink up to half a size after successive washes.<\/p><p>If your parcel was damaged or there are any product quality issues, please get in touch with our super-friendly support legends at <a href=\"mailto:hello@threadheads.com\" title=\"email Awetismtees@gmail.com \">Awetismtees@gmail.com <\/a>.<\/p>","link_label":"","link":""}}},"block_order":["template--19913387606292__7a09c4e7-019c-41fc-8c1d-da1df187e8ef-168972857408efc2fd-0","template--19913387606292__7a09c4e7-019c-41fc-8c1d-da1df187e8ef-168972857408efc2fd-1"],"settings":{"title":"","heading_size":"h1","image_width":"full","image_ratio":"adapt","columns_desktop":1,"column_alignment":"left","background_style":"primary","button_label":"Button label","button_link":"","color_scheme":"","columns_mobile":"1","swipe_on_mobile":false,"padding_top":36,"padding_bottom":36}}},"order":["main","7a09c4e7-019c-41fc-8c1d-da1df187e8ef"]}