{"sections":{"main":{"type":"main-product","blocks":{"vendor":{"type":"text","disabled":true,"settings":{"text":"{{ product.vendor }}","text_style":"body"}},"title":{"type":"title","settings":{}},"product-rating":{"type":"rating","settings":{}},"price":{"type":"price","settings":{}},"share":{"type":"share","settings":{"share_label":"Share"}},"variant_picker":{"type":"variant_picker","settings":{"picker_type":"button"}},"quantity_selector":{"type":"quantity_selector","settings":{}},"buy_buttons":{"type":"buy_buttons","settings":{"show_dynamic_checkout":true,"show_gift_card_recipient":false}},"description":{"type":"description","settings":{}}},"block_order":["vendor","title","product-rating","price","share","variant_picker","quantity_selector","buy_buttons","description"],"custom_css":["@media only screen and (min-width: 750px) {h1, .h1 {font-size: calc(var(--font-heading-scale) * 2rem); }}",".product-media-container {background: none !important;}",".product__info-container, .product__description {font-size: 1rem; }"],"settings":{"enable_sticky_info":true,"media_size":"large","constrain_to_viewport":true,"media_fit":"contain","gallery_layout":"thumbnail","media_position":"right","image_zoom":"hover","mobile_thumbnails":"show","hide_variants":true,"enable_video_looping":false,"padding_top":100,"padding_bottom":36}},"related-products":{"type":"related-products","settings":{"heading":"You may also like","heading_size":"h2","products_to_show":4,"columns_desktop":4,"color_scheme":"scheme-c2aeb73e-528f-431b-87c4-042842737ba3","image_ratio":"portrait","image_shape":"default","show_secondary_image":false,"show_vendor":false,"show_rating":false,"columns_mobile":"1","padding_top":0,"padding_bottom":44}}},"order":["main","related-products"]}