{"name":"t:sections.footer.name","type":"footer","sections":{"newsletter":{"type":"newsletter","blocks":{"paragraph_EUidH4":{"type":"paragraph","settings":{"text":"<h3>STAY CONNECTED WITH POWERED BY ALIENS<\/h3>"}},"heading":{"type":"heading","disabled":true,"settings":{"heading":"Be the first to know about new drops and exclusive offers.","heading_size":"h2"}},"email-form":{"type":"email_form","settings":{}}},"block_order":["paragraph_EUidH4","heading","email-form"],"custom_css":[],"settings":{"color_scheme":"background-1","full_width":false,"padding_top":100,"padding_bottom":0}},"footer":{"type":"footer","custom_css":[],"settings":{"color_scheme":"scheme-237f0f34-c7e7-411e-bdba-bacb820f64c2","newsletter_enable":false,"newsletter_heading":"","enable_follow_on_shop":true,"show_social":true,"enable_country_selector":true,"enable_language_selector":true,"payment_enable":true,"show_policy":true,"margin_top":0,"padding_top":56,"padding_bottom":56}}},"order":["newsletter","footer"]}