{"name":"t:sections.header.name","type":"header","sections":{"announcement-bar":{"type":"announcement-bar","blocks":{"announcement-bar-0":{"type":"announcement","disabled":true,"settings":{"text":"w","link":""}}},"block_order":["announcement-bar-0"],"settings":{"color_scheme":"scheme-237f0f34-c7e7-411e-bdba-bacb820f64c2","show_line_separator":true,"auto_rotate":false,"change_slides_speed":5}},"header":{"type":"header","settings":{"logo_position":"top-center","menu":"main-menu","menu_type_desktop":"drawer","sticky_header_type":"reduce-logo-size","show_line_separator":true,"color_scheme":"background-1","enable_country_selector":true,"enable_language_selector":false,"mobile_logo_position":"center","margin_bottom":0,"padding_top":20,"padding_bottom":20}}},"order":["announcement-bar","header"]}